{
    "header": {
        "stamp": {
            "sec": 1734592335,
            "nanosec": 484183065
        },
        "frame_id": "sensor_kit_base_link"
    },
    "child_frame_id": "camera0/camera_link",
    "transform": {
        "translation": {
            "x": -0.28668784327346536,
            "y": -0.06010732775720976,
            "z": -0.09369921963919621
        },
        "rotation": {
            "x": 0.004561062661423078,
            "y": 0.010692123409831389,
            "z": -0.030015159453316315,
            "w": 0.9994818484631823
        }
    },
    "roll": 0.008477635131268741,
    "pitch": 0.021648659538690967,
    "yaw": -0.05995162539311691
}